com.company.Ex11.main	com.company.utils.pvf	1
com.company.utils.pvf	com.company.utils.pvf	0
com.company.Ex10.vuln	com.company.utils.pvf	1
com.company.Ex10.main	com.company.utils.pvf	2
com.company.A2.test	com.company.utils.pvf	1
com.company.Ex8.vuln	com.company.utils.pvf	1
com.company.Ex8.main	com.company.utils.pvf	2
com.company.Ex6.vuln	com.company.utils.pvf	1
com.company.Ex6.main	com.company.utils.pvf	2
com.company.Ex5.main	com.company.utils.pvf	1
com.company.Ex7.vuln	com.company.utils.pvf	1
com.company.Ex7.main	com.company.utils.pvf	2
com.company.Ex4.main	com.company.utils.pvf	2
com.company.A4.vuln	com.company.utils.pvf	1
com.company.Ex1.main	com.company.utils.pvf	3
com.company.A1.M1	com.company.utils.pvf	2
com.company.A1.M2	com.company.utils.pvf	1
com.company.Ex9.main	com.company.utils.pvf	1
